{
  "project_info": {
    "project_id": "sendbird-sample",
    "project_number": "984140644677",
    "name": "SendBird Sample"
  },
  "client": [
    {
      "client_info": {
        "mobilesdk_app_id": "1:984140644677:android:abe06d49c04fba23",
        "client_id": "android:com.sendbird.android.sample",
        "client_type": 1,
        "android_client_info": {
          "package_name": "com.sendbird.android.sample",
          "certificate_hash": []
        }
      },
      "oauth_client": [],
      "api_key": [],
      "services": {
        "analytics_service": {
          "status": 1
        },
        "cloud_messaging_service": {
          "status": 2,
          "apns_config": []
        },
        "appinvite_service": {
          "status": 1,
          "other_platform_oauth_client": []
        },
        "google_signin_service": {
          "status": 1
        },
        "ads_service": {
          "status": 1
        }
      }
    }
  ],
  "client_info": [],
  "ARTIFACT_VERSION": "1"
}
